{
    "Weapon": {
        "InvincibleTime": 60,
        "attackDamageLevel1": 2.0,
        "attackDamageLevel2": 3.0,
        "attackDamageLevel3": 4.0,
        "attackDamageNormal": 1.0,
        "attackSpeedLevel1": 0.08500000089406967,
        "attackSpeedLevel2": 0.15000000596046448,
        "attackSpeedLevel3": 0.20000000298023224,
        "attackSpeedNormal": 0.029999999329447746,
        "chargeSpeed": 0.05000000074505806
    }
}
